casilla_id,distrito_fed_17,distrito_fed_12,distrito_loc_17,distrito_loc_12,are,seccion,casilla,tipo_seccion,pri_pvem,pan_na,prd,pt,mc,otros,total,ln,tamano_md,tamano_gd,region,casilla_ex,rural,ln_total
586,1,1,2,2,1-21,2901,B-C,R,162,217,22,3,1,22,427,614,0,0,2,0,1,614
1742,11,6,6,6,6-76,1601,B-C,U,165,165,11,6,2,14,363,593,1,0,1,0,0,593
6367,10,10,20,21,10-27,2298,B-C,U,130,346,12,1,0,9,498,444,0,0,2,0,0,444
5216,2,2,17,17,2-52,630,B-C,R,123,418,32,2,2,17,594,702,1,0,2,0,1,702
3999,8,8,14,13,8-101,2190,B-C,U,169,180,9,8,2,14,382,699,1,0,2,0,0,699
1246,3,3,4,4,3-79,1496,B-C,NA,136,138,4,4,1,7,290,746,0,1,1,0,0,746
4712,12,12,16,16,12-22,343,B-C,U,159,193,25,11,4,17,409,746,0,1,2,0,0,746
4460,12,12,15,15,12-54,413,B-C,U,125,169,15,3,0,10,322,463,0,0,2,0,0,463
4769,12,12,15,16,12-2,391,B-C,U,135,161,14,9,0,11,330,489,0,0,2,0,0,489
902,3,5,3,4,5-2,1263,B-C,U,144,173,7,1,0,9,334,561,1,0,1,0,0,561
5326,7,11,10,18,11-98,571,B-C,U,353,391,5,5,0,11,765,636,1,0,1,0,0,636
6245,10,13,19,21,13-33,690,B-C,U,111,153,13,4,1,10,292,517,1,0,2,0,0,517
2509,9,7,13,8,7-100,2712,B-C,R,278,90,13,1,0,9,391,682,1,0,1,0,1,682
4950,12,12,15,16,12-78,546,B-C,R,168,201,26,5,3,15,418,700,1,0,2,0,1,700
1107,3,3,7,4,3-32,1338,B-C,U,90,119,9,4,1,2,225,407,0,0,1,0,0,407
3653,15,9,12,12,9-74,1045,B-C,U,115,141,11,2,1,5,275,405,0,0,1,0,0,405
3966,8,8,14,13,8-70,2179,B-C,U,384,418,12,9,5,10,838,714,1,0,2,0,0,714
5673,13,13,19,19,13-47,1183,B-C,U,155,214,15,2,8,14,408,666,1,0,2,0,0,666
4517,12,13,15,15,13-8,479,B-C,U,173,128,12,7,3,7,330,608,1,0,2,0,0,608
5140,14,14,9,17,14-68,319,B-C,R,125,220,19,4,3,20,391,657,1,0,2,0,1,657
6306,10,10,20,21,10-16,2265,S,U,84,103,15,4,2,3,211,0,1,0,2,0,0,211
2187,11,6,6,7,6-1,1670,B-C,U,208,98,2,1,1,6,316,573,1,0,1,0,0,573
661,3,5,3,3,5-6,1675,B-C,U,193,235,6,4,3,12,453,715,1,0,1,0,0,715
6074,10,10,20,20,10-81,2950,B-C,M,114,145,12,10,2,13,296,468,0,0,2,0,0,468
4952,12,12,15,16,12-78,547,B-C,R,152,281,15,5,1,16,470,693,1,0,2,0,1,693
965,3,3,4,4,3-13,1285,B-C,U,215,236,12,2,5,6,476,737,0,1,1,0,0,737
2705,2,2,9,9,2-47,229,B-C,R,90,99,10,2,1,6,208,449,0,0,2,0,1,449
3525,9,4,11,12,4-88,940,B-C,U,153,248,7,6,9,10,433,567,1,0,1,0,0,567
1536,5,5,5,5,5-72,1846,B-C,U,164,198,11,3,2,14,392,607,1,0,1,0,0,607
5948,10,10,20,20,10-4,1876,B-C,U,80,162,19,0,5,15,281,414,0,0,2,0,0,414
2675,2,2,9,9,2-42,211,B-C,R,97,109,15,2,2,18,243,428,0,0,2,0,1,428
719,3,5,3,3,5-12,1695,B-C,U,162,221,10,3,2,7,405,572,1,0,1,0,0,572
1369,5,5,5,5,5-52,1493,B-C,U,164,100,3,1,1,6,275,530,1,0,1,0,0,530
442,1,1,2,2,1-51,2554,B-C,U,189,213,17,6,4,15,444,677,1,0,2,0,0,677
5206,2,2,17,17,2-53,626,B-C,R,80,83,7,2,1,12,185,385,0,0,2,0,1,385
3271,15,9,11,11,9-44,1007,B-C,U,150,146,18,3,1,13,331,538,1,0,1,0,0,538
530,1,1,2,2,1-57,2599,B-C,R,127,92,17,3,3,19,261,537,1,0,2,0,1,537
6292,10,13,19,21,13-43,712,B-C,U,54,131,26,11,0,15,237,603,0,0,2,0,0,603
4278,8,8,17,14,8-28,2613,B-C,U,100,259,11,3,4,13,390,678,1,0,2,0,0,678
5754,13,13,19,19,13-63,2833,B-C,U,107,184,29,5,3,19,347,523,1,0,2,0,0,523
6644,14,14,22,22,14-78,1204,B-C,U,75,105,72,2,2,14,270,449,0,0,2,0,0,449
4641,8,8,17,15,8-6,2921,B-C,M,127,254,14,3,2,20,420,585,1,0,2,0,0,585
4198,8,8,14,14,8-89,2175,B-C,U,96,102,13,7,1,7,226,376,0,0,2,0,0,376
3315,15,9,12,11,9-47,1051,B-C,U,165,149,6,5,1,8,334,523,1,0,1,0,0,523
6046,10,10,20,20,10-69,2806,B-C,U,131,201,12,1,1,9,355,537,1,0,2,0,0,537
44,1,4,1,1,4-20,787,B-C,R,93,143,4,4,1,12,257,467,0,0,1,0,1,467
940,3,3,3,4,3-7,1278,B-C,U,192,229,17,3,5,10,456,666,0,1,1,0,0,666
765,3,5,7,3,5-23,1717,B-C,U,137,147,8,3,6,8,309,406,0,0,1,0,0,406
3430,9,9,11,11,9-5,1122,B-C,R,93,185,10,3,0,12,303,590,1,0,1,0,1,590
5773,13,13,19,19,13-67,2841,B-C,U,45,166,98,3,2,13,327,593,1,0,2,0,0,593
6307,10,10,20,21,10-17,2266,B-C,U,161,209,32,4,7,8,421,558,0,0,2,0,0,558
5914,10,10,20,20,10-1,1859,B-C,U,110,179,31,2,6,12,340,560,1,0,2,0,0,560
2068,6,6,4,7,6-29,1632,B-C,NA,202,205,13,3,2,7,432,743,0,1,1,0,0,743
1634,6,6,7,6,6-55,1530,B-C,U,158,211,7,2,1,8,387,608,1,0,1,0,0,608
3911,13,8,18,13,8-1,2026,B-C,M,151,268,21,3,16,13,472,650,1,0,1,0,0,650
1443,5,5,7,5,5-39,1798,B-C,U,169,245,9,0,3,10,436,690,0,0,1,0,0,690
5823,13,13,19,19,13-79,2860,B-C,M,16,130,74,1,3,11,235,382,1,0,2,0,0,382
1295,6,3,4,4,3-89,1513,B-C,R,137,131,13,4,1,14,300,458,0,0,1,0,1,458
5577,7,11,18,18,11-9,1993,B-C,U,135,107,11,3,1,5,262,486,0,0,1,0,0,486
3203,9,9,11,11,9-30,934,B-C,U,131,266,16,3,4,9,429,592,1,0,1,0,0,592
6160,10,10,20,20,10-91,2996,B-C,R,75,123,5,0,0,6,209,441,0,0,2,0,1,441
992,3,3,4,4,3-20,1296,B-C,U,140,133,7,3,3,13,299,435,0,0,1,0,0,435
1899,6,3,7,7,3-50,1383,B-C,U,162,237,9,2,0,2,412,614,0,0,1,0,0,614
4348,8,8,17,14,8-32,2639,B-C,U,107,246,15,2,1,13,384,591,1,0,2,0,0,591
2514,9,7,13,8,7-96,2721,E,R,117,179,9,3,2,12,322,523,1,0,1,1,1,523
2800,1,4,8,9,4-35,809,B-C,R,87,240,5,4,5,15,356,643,1,0,1,0,1,643
6200,10,13,19,21,13-23,671,B-C,U,170,244,21,7,3,14,459,670,1,0,2,0,0,670
2214,4,4,8,8,4-45,834,B-C,U,188,135,20,11,4,25,383,608,1,0,1,0,0,608
2089,11,6,21,7,6-37,1635,B-C,U,203,233,24,5,2,12,479,712,1,0,1,0,0,712
5564,7,11,18,18,11-31,1987,B-C,R,201,101,5,1,1,10,319,516,1,0,1,0,1,516
6485,14,14,22,22,14-8,67,B-C,U,78,169,34,4,1,18,304,578,1,0,2,0,0,578
1144,3,3,7,4,3-35,1357,B-C,U,148,168,9,1,1,9,336,543,1,0,1,0,0,543
966,3,3,4,4,3-13,1285,B-C,U,209,278,17,6,1,17,528,737,0,1,1,0,0,737
5403,13,11,10,18,11-89,731,B-C,R,60,120,49,6,0,8,243,389,0,0,1,0,1,389
1091,6,3,7,4,3-39,1333,B-C,U,182,131,11,2,5,14,345,621,1,0,1,0,0,621
4049,8,8,14,13,8-53,2238,B-C,R,89,180,4,1,2,15,291,506,1,0,2,0,1,506
988,3,3,3,4,3-9,1294,B-C,U,160,154,8,3,5,12,342,573,1,0,1,0,0,573
836,5,5,5,3,5-64,1750,B-C,U,146,142,3,4,2,7,304,542,1,0,1,0,0,542
367,2,2,2,2,2-76,2523,B-C,R,134,139,26,6,9,7,321,567,1,0,2,0,1,567
4935,12,12,16,16,12-76,530,B-C,M,182,106,9,3,1,11,312,556,1,0,2,0,0,556
5913,10,10,20,20,10-1,1859,B-C,U,225,411,37,0,5,11,689,560,1,0,2,0,0,560
6233,10,13,19,21,13-28,686,B-C,U,162,236,17,2,1,11,429,622,1,0,2,0,0,622
5400,13,11,10,18,11-87,728,B-C,R,134,207,46,2,1,21,411,618,0,0,1,0,1,618
4714,12,12,16,16,12-22,343,B-C,U,165,210,42,7,6,15,445,746,0,1,2,0,0,746
2207,4,4,8,8,4-47,830,B-C,U,156,108,31,4,5,8,312,516,1,0,1,0,0,516
4774,12,12,16,16,12-4,397,B-C,U,242,251,15,3,6,15,532,714,0,0,2,0,0,714
4111,8,8,14,14,8-78,2112,B-C,U,154,179,26,21,1,6,387,543,1,0,2,0,0,543
5936,10,10,20,20,10-6,1871,B-C,U,85,152,20,0,2,9,268,438,0,0,2,0,0,438
6500,14,14,22,22,14-9,74,B-C,U,120,193,36,11,4,16,380,604,1,0,2,0,0,604
3004,7,7,10,10,7-36,2457,B-C,U,102,231,8,0,3,6,350,505,1,0,1,0,0,505
2018,11,6,21,7,6-41,1583,B-C,U,145,152,12,2,2,12,325,504,1,0,1,0,0,504
4964,12,12,15,16,12-80,554,B-C,U,113,127,7,3,0,6,256,475,0,0,2,0,0,475
519,1,1,2,2,1-54,2594,B-C,R,94,141,6,10,2,19,272,395,0,0,2,0,1,395
6732,14,14,22,22,14-101,2735,B-C,M,99,104,13,0,2,8,226,379,0,0,2,0,0,379
2087,11,6,21,7,6-35,1634,B-C,U,198,214,13,2,4,16,447,749,0,1,1,0,0,749
1559,5,6,6,5,6-81,1856,B-C,U,147,234,15,3,1,28,428,730,1,0,1,0,0,730
3491,15,9,12,11,9-18,1169,B-C,M,111,134,3,0,4,19,271,545,1,0,1,0,0,545
2938,13,7,13,10,7-25,2079,B-C,R,98,66,128,0,0,8,300,507,1,0,1,0,1,507
1925,6,3,7,7,3-49,1404,B-C,U,104,88,1,1,1,5,200,379,0,0,1,0,0,379
1795,11,6,6,6,6-73,1625,B-C,U,156,147,8,2,3,13,329,588,1,0,1,0,0,588
71,1,4,8,1,4-33,805,B-C,R,141,161,3,1,4,18,328,559,1,0,1,0,1,559
1530,5,6,6,5,6-79,1844,B-C,U,128,125,3,1,1,4,262,403,0,0,1,0,0,403
244,4,1,1,1,1-83,2418,B-C,R,121,162,17,2,6,13,321,498,0,0,1,0,1,498
749,3,5,7,3,5-26,1710,B-C,U,159,181,14,3,3,12,372,500,0,0,1,0,0,500
4524,12,13,15,15,13-7,484,B-C,U,107,112,16,4,2,10,251,451,0,0,2,0,0,451
3807,13,11,18,13,11-62,2,B-C,U,115,288,8,1,0,3,415,616,1,0,1,0,0,616
379,2,2,2,2,2-81,2528,B-C,M,103,105,89,3,1,10,311,545,1,0,2,0,0,545
2586,2,2,9,9,2-9,164,B-C,U,162,169,16,7,1,17,372,634,1,0,2,0,0,634
3091,7,7,10,10,7-49,2490,B-C,R,216,206,2,3,0,27,454,631,1,0,1,0,1,631
1334,3,5,3,5,5-85,1477,B-C,M,348,357,6,1,2,12,726,734,0,1,1,0,0,734
2920,13,7,13,10,7-18,2068,B-C,U,146,209,96,0,1,16,468,683,1,0,1,0,0,683
428,1,1,2,2,1-48,2549,B-C,U,133,144,8,2,8,21,316,596,1,0,2,0,0,596
1803,5,6,6,6,6-83,1627,B-C,U,175,171,12,2,0,13,373,677,1,0,1,0,0,677
2451,9,7,13,8,7-69,2680,B-C,U,140,119,6,0,2,3,270,430,0,0,1,0,0,430
4484,12,12,15,15,12-7,438,B-C,U,109,112,27,3,7,6,264,408,0,0,2,0,0,408
3460,9,9,11,11,9-14,1152,B-C,U,197,126,13,7,2,15,360,659,1,0,1,0,0,659
6126,10,10,20,20,10-89,2976,B-C,U,174,184,11,4,0,8,381,447,0,0,2,0,0,447
501,1,1,2,2,1-36,2587,B-C,U,117,111,19,15,5,20,287,637,1,0,2,0,0,637
162,4,1,1,1,1-85,2378,B-C,U,324,251,19,0,1,15,610,587,1,0,1,0,0,587
4427,12,12,15,15,12-50,384,B-C,U,146,203,22,6,3,11,391,565,1,0,2,0,0,565
4250,8,8,14,14,8-50,2226,B-C,R,170,246,20,5,0,17,458,732,1,0,2,0,1,732
3246,15,9,11,11,9-42,972,B-C,U,129,182,8,2,0,14,335,519,1,0,1,0,0,519
2789,1,4,1,9,4-27,803,E,R,91,178,7,6,0,13,295,486,1,0,1,1,1,486
2387,4,4,8,8,4-87,912,B-C,R,74,154,2,2,0,6,238,473,1,0,1,0,1,473
5953,10,10,20,20,10-8,1879,B-C,U,87,174,26,5,3,6,301,596,1,0,2,0,0,596
4609,8,8,17,15,8-18,2908,B-C,M,118,307,18,16,2,13,474,707,1,0,2,0,0,707
487,1,1,2,2,1-40,2581,B-C,R,114,214,16,5,5,0,354,662,1,0,2,0,1,662
2036,11,6,21,7,6-31,1620,B-C,U,177,178,15,4,3,15,392,684,0,1,1,0,0,684
3507,15,9,11,11,9-15,1175,B-C,R,81,155,42,11,2,18,309,570,1,0,1,0,1,570
5694,13,13,19,19,13-50,1192,B-C,R,51,178,19,5,2,11,266,485,1,0,2,0,1,485
2617,2,2,9,9,2-14,176,B-C,U,108,182,23,3,5,9,330,464,0,0,2,0,0,464
5473,7,11,18,18,11-1,1939,B-C,R,67,83,7,5,1,11,174,343,0,0,1,0,1,343
5076,14,14,9,17,14-55,291,B-C,U,163,177,23,5,1,7,376,529,1,0,2,0,0,529
4643,8,8,17,15,8-5,2922,B-C,R,75,321,15,4,3,16,434,697,1,0,2,0,1,697
1183,20,3,21,4,3-67,1392,B-C,NA,171,248,21,3,5,11,459,734,0,1,1,0,0,734
4345,8,8,17,14,8-22,2638,B-C,R,153,161,28,13,2,18,375,715,1,0,2,0,1,715
6670,14,14,22,22,14-86,1219,B-C,R,113,114,6,0,2,15,250,473,0,0,2,0,1,473
3620,15,9,12,12,9-39,1001,B-C,U,131,142,15,1,9,9,307,494,0,0,1,0,0,494
5985,10,10,20,20,10-46,2644,B-C,U,153,279,4,4,3,14,457,625,0,0,2,0,0,625
2849,7,7,10,10,7-4,2039,B-C,U,165,296,4,2,1,9,477,657,1,0,1,0,0,657
4727,12,12,16,16,12-32,350,B-C,U,153,159,14,6,4,16,352,602,1,0,2,0,0,602
1491,5,5,5,5,5-75,1824,B-C,U,155,147,11,2,0,8,323,565,1,0,1,0,0,565
6269,10,13,19,21,13-37,699,B-C,R,188,177,6,1,6,5,383,576,1,0,2,0,1,576
3945,8,8,14,13,8-72,2164,B-C,U,147,169,18,19,4,7,364,600,1,0,2,0,0,600
6165,10,10,20,20,10-98,2999,B-C,U,102,187,14,5,1,9,318,613,1,0,2,0,0,613
4583,12,12,15,15,12-56,531,B-C,R,163,221,29,7,2,15,437,745,1,0,2,0,1,745
2882,7,7,10,10,7-11,2049,B-C,R,156,158,6,0,1,11,332,583,1,0,1,0,1,583
3619,15,4,12,12,4-94,1000,B-C,U,214,176,17,2,4,3,416,733,1,0,1,0,0,733
3691,15,9,12,12,9-72,1073,B-C,U,156,197,9,3,3,15,383,582,1,0,1,0,0,582
5360,7,11,10,18,11-91,596,B-C,R,109,86,5,11,1,14,226,445,0,0,1,0,1,445
1774,11,6,21,6,6-45,1614,B-C,U,205,223,19,2,0,9,458,726,0,1,1,0,0,726
1826,11,6,6,6,6-14,1651,B-C,M,188,175,5,1,1,10,380,707,1,0,1,0,0,707
1092,6,3,7,4,3-39,1333,B-C,U,172,132,8,1,1,10,324,621,1,0,1,0,0,621
788,5,5,7,3,5-28,1729,S,U,46,55,1,0,0,2,104,0,0,0,1,0,0,104
5598,7,11,18,18,11-21,2006,B-C,R,161,131,2,0,0,10,304,543,1,0,1,0,1,543
2733,1,4,8,9,4-3,762,B-C,U,161,184,17,5,1,13,381,623,1,0,1,0,0,623
4367,12,12,16,15,12-41,347,B-C,NA,156,226,35,10,5,8,440,720,0,1,2,0,0,720
1175,20,3,21,4,3-70,1392,B-C,NA,165,235,11,7,5,15,438,733,0,1,1,0,0,733
353,2,2,2,2,2-70,2515,B-C,R,161,168,15,2,0,5,351,533,1,0,2,0,1,533
2403,9,7,13,8,7-59,2654,B-C,U,150,129,13,4,4,9,309,649,1,0,1,0,0,649
5449,7,11,18,18,11-38,1927,B-C,U,206,190,11,4,2,4,417,607,1,0,1,0,0,607
2753,1,4,8,9,4-11,768,B-C,U,156,140,8,4,0,11,319,502,1,0,1,0,0,502
6291,10,13,19,21,13-42,711,B-C,R,68,131,4,1,1,4,209,380,0,0,2,0,1,380
2011,11,6,21,7,6-40,1564,B-C,U,140,168,11,2,1,8,330,479,0,0,1,0,0,479
3012,7,7,10,10,7-36,2461,B-C,U,119,175,4,2,1,4,305,405,0,0,1,0,0,405
2224,4,4,8,8,4-51,838,B-C,U,144,93,33,14,3,17,304,479,0,0,1,0,0,479
204,4,1,1,1,1-96,2397,B-C,R,235,150,11,0,1,24,421,722,0,0,1,0,1,722
4098,8,8,14,13,8-52,2262,B-C,R,101,121,3,5,2,11,243,472,0,0,2,0,1,472
4314,8,8,17,14,8-27,2626,B-C,U,149,309,26,3,2,7,496,747,1,0,2,0,0,747
6218,10,13,19,21,13-27,679,B-C,U,196,223,33,7,2,10,471,720,1,0,2,0,0,720
2186,11,6,6,7,6-2,1669,B-C,R,147,107,17,11,2,22,306,558,1,0,1,0,1,558
5713,13,13,19,19,13-55,2816,B-C,U,148,464,62,7,7,15,703,708,1,0,2,0,0,708
4830,12,12,15,16,12-10,454,B-C,U,133,145,4,4,0,3,289,463,0,0,2,0,0,463
297,1,1,2,2,1-5,335,B-C,R,230,156,1,0,1,0,388,489,0,0,2,0,1,489
6052,10,10,20,20,10-72,2808,B-C,U,111,159,9,5,2,17,303,570,1,0,2,0,0,570
2434,9,7,13,8,7-64,2664,B-C,U,140,152,11,6,4,9,322,650,1,0,1,0,0,650
3221,9,9,11,11,9-32,946,B-C,U,129,213,12,2,3,7,366,494,0,0,1,0,0,494
4248,8,8,14,14,8-48,2225,B-C,R,87,295,20,7,5,16,430,733,1,0,2,0,1,733
6337,10,10,20,21,10-20,2282,B-C,U,86,142,18,6,2,13,267,484,0,0,2,0,0,484
3573,15,9,11,12,9-40,976,B-C,U,214,239,9,2,3,12,479,738,0,0,1,0,0,738
4380,12,12,16,15,12-35,348,B-C,U,120,179,21,9,0,18,347,612,1,0,2,0,0,612
720,3,5,3,3,5-13,1696,B-C,U,173,166,5,3,1,7,355,571,1,0,1,0,0,571
3138,9,7,13,10,7-68,2685,B-C,U,151,135,7,3,4,12,312,600,1,0,1,0,0,600
540,1,1,2,2,1-56,2602,B-C,R,201,139,24,8,2,30,404,698,1,0,2,0,1,698
1496,5,5,5,5,5-71,1827,B-C,U,198,241,14,1,4,10,468,642,1,0,1,0,0,642
4017,8,8,14,13,8-94,2194,B-C,U,172,240,22,11,3,11,459,701,1,0,2,0,0,701
5579,7,11,18,18,11-10,1994,B-C,U,67,127,6,2,1,9,212,424,0,0,1,0,0,424
925,3,3,4,4,3-5,1275,B-C,U,174,189,5,0,1,14,383,587,1,0,1,0,0,587
6172,10,10,20,20,10-97,3002,B-C,R,99,85,2,3,1,14,204,433,0,0,2,0,1,433
1015,3,3,3,4,3-12,1304,B-C,U,191,261,14,3,4,15,488,707,1,0,1,0,0,707
963,3,3,4,4,3-13,1285,B-C,U,199,258,20,3,1,7,488,737,0,1,1,0,0,737
1859,6,3,7,7,3-40,1346,B-C,U,134,160,5,4,2,4,309,513,1,0,1,0,0,513
1923,6,3,7,7,3-49,1398,B-C,U,107,203,4,5,1,15,335,529,1,0,1,0,0,529
3055,7,7,10,10,7-44,2477,B-C,U,142,248,4,2,1,13,410,702,0,1,1,0,0,702
4074,8,8,14,13,8-54,2249,B-C,R,73,212,14,5,2,12,318,544,1,0,2,0,1,544
909,3,3,3,4,3-1,1266,B-C,U,200,180,7,1,3,16,407,746,1,0,1,0,0,746
5910,13,13,19,19,13-97,2890,E,R,13,86,85,0,0,6,190,356,1,0,2,1,1,356
5674,13,13,19,19,13-47,1183,B-C,U,183,178,14,2,2,14,393,666,1,0,2,0,0,666
924,3,3,3,4,3-4,1274,B-C,U,164,210,21,1,2,8,406,580,1,0,1,0,0,580
2806,1,4,8,9,4-36,811,B-C,R,123,137,4,3,2,32,301,524,1,0,1,0,1,524
2447,9,7,13,8,7-71,2672,B-C,U,169,190,19,7,1,14,400,725,0,0,1,0,0,725
1857,6,3,7,7,3-41,1345,B-C,U,150,153,3,2,1,5,314,512,1,0,1,0,0,512
4253,8,8,14,14,8-49,2227,B-C,R,135,160,8,3,1,11,318,527,1,0,2,0,1,527
4770,12,12,15,16,12-2,391,B-C,U,145,168,11,3,1,12,340,488,0,0,2,0,0,488
2227,4,4,8,8,4-50,841,B-C,U,136,102,22,7,4,16,287,455,0,0,1,0,0,455
3605,15,9,12,12,9-57,992,B-C,U,98,157,5,1,2,4,267,415,0,0,1,0,0,415
3885,13,11,18,13,11-70,37,B-C,R,99,196,2,4,2,8,311,555,1,0,1,0,1,555
5887,13,13,19,19,13-90,2881,B-C,R,24,127,75,17,5,28,276,550,1,0,2,0,1,550
3092,7,7,10,10,7-50,2491,B-C,R,156,132,3,3,1,6,301,507,1,0,1,0,1,507
6184,10,13,19,21,13-20,664,B-C,U,130,203,34,4,2,8,381,539,1,0,2,0,0,539
4293,8,8,17,14,8-30,2620,B-C,U,132,280,18,7,3,15,455,648,1,0,2,0,0,648
583,1,1,2,2,1-26,2899,E,R,236,181,55,2,0,15,489,700,1,0,2,1,1,700
157,4,1,1,1,1-84,2376,B-C,U,170,115,12,6,2,10,315,474,0,0,1,0,0,474
1304,6,6,7,5,6-62,1444,B-C,U,121,128,10,7,0,5,271,381,0,0,1,0,0,381
5743,13,13,19,19,13-61,2828,B-C,U,53,149,66,0,1,16,285,507,1,0,2,0,0,507
1480,5,5,6,5,5-43,1816,B-C,U,143,196,6,3,1,13,362,472,0,0,1,0,0,472
92,4,1,1,1,1-103,1902,B-C,M,26,78,5,0,0,4,113,134,0,0,1,0,0,134
6014,10,10,20,20,10-65,2793,B-C,U,147,239,15,6,2,14,423,681,1,0,2,0,0,681
1221,6,3,4,4,3-18,1489,B-C,U,233,159,2,1,2,8,405,696,1,0,1,0,0,696
1298,6,5,7,5,5-30,1422,B-C,U,140,166,5,1,3,20,335,446,0,0,1,0,0,446
900,3,5,3,4,5-3,1262,B-C,U,178,141,3,1,0,13,336,576,1,0,1,0,0,576
3499,15,9,11,11,9-16,1172,B-C,R,106,198,2,3,0,12,321,569,1,0,1,0,1,569
6725,14,14,22,22,14-98,1259,B-C,R,82,110,19,2,2,22,237,453,0,0,2,0,1,453
4845,12,12,15,16,12-13,460,B-C,U,122,211,30,7,6,6,382,629,1,0,2,0,0,629
1996,6,6,7,7,6-55,1518,B-C,U,169,247,11,5,4,19,455,714,1,0,1,0,0,714
2259,4,4,8,8,4-56,856,B-C,U,196,156,32,4,4,11,403,577,0,0,1,0,0,577
6155,10,10,20,20,10-92,2993,B-C,U,58,161,6,2,0,4,231,526,1,0,2,0,0,526
1140,3,3,7,4,3-35,1355,B-C,U,124,221,19,3,3,8,378,592,1,0,1,0,0,592
4138,8,8,14,14,8-66,2127,B-C,U,129,169,15,7,3,10,333,555,1,0,2,0,0,555
1535,5,5,5,5,5-72,1846,B-C,U,173,168,8,2,4,10,365,607,1,0,1,0,0,607
2940,13,7,13,10,7-25,2080,B-C,R,151,31,42,1,0,7,232,371,0,0,1,0,1,371
6059,10,10,20,20,10-73,2809,B-C,U,140,196,22,5,1,12,376,665,1,0,2,0,0,665
3995,8,8,14,13,8-92,2188,B-C,U,171,161,22,10,3,14,381,592,1,0,2,0,0,592
1487,5,5,7,5,5-32,1821,B-C,U,256,147,4,0,3,11,421,690,0,0,1,0,0,690
2541,2,2,9,9,2-6,146,B-C,U,128,171,18,7,4,0,328,608,1,0,2,0,0,608
4287,8,8,17,14,8-36,2617,B-C,U,118,297,16,6,2,21,460,701,1,0,2,0,0,701
2104,11,6,21,7,6-26,1642,B-C,U,193,193,7,4,3,7,407,708,0,1,1,0,0,708
4562,2,12,16,15,12-64,514,B-C,M,166,217,34,7,5,0,429,688,1,0,2,0,0,688
4686,12,12,16,16,12-35,337,B-C,U,120,142,23,4,2,26,317,517,1,0,2,0,0,517
249,4,1,1,1,1-76,2421,B-C,R,229,236,16,4,0,16,501,567,1,0,1,0,1,567
3642,15,4,12,12,4-94,1029,B-C,U,144,168,10,2,0,10,334,580,1,0,1,0,0,580
6742,14,14,22,22,14-103,2741,B-C,R,172,137,10,0,0,4,323,504,1,0,2,0,1,504
4979,12,12,15,16,12-83,561,B-C,R,136,157,20,6,1,6,326,351,0,0,2,0,1,351
4011,8,8,14,13,8-97,2193,B-C,U,173,181,15,8,2,15,394,702,0,1,2,0,0,702
1600,5,5,5,5,5-84,3022,B-C,U,153,105,15,4,1,10,288,465,0,0,1,0,0,465
1100,6,3,7,4,3-39,1336,B-C,U,174,163,8,0,1,7,353,605,1,0,1,0,0,605
1408,5,5,5,5,5-61,1784,B-C,U,129,139,6,3,3,6,286,476,0,0,1,0,0,476
2776,1,4,1,9,4-16,784,B-C,R,103,230,1,7,2,15,358,621,1,0,1,0,1,621
5317,14,10,15,17,10-61,2777,B-C,R,143,168,20,0,4,11,346,744,1,0,2,0,1,744
4137,8,8,14,14,8-75,2126,B-C,U,242,181,29,22,3,16,493,673,0,0,2,0,0,673
6280,10,13,19,21,13-39,705,B-C,U,104,167,11,1,2,6,291,508,1,0,2,0,0,508
2788,1,4,1,9,4-27,803,B-C,R,80,190,4,8,1,10,293,414,1,0,1,0,1,414
6190,10,13,19,21,13-21,666,B-C,U,121,154,25,2,3,9,314,525,1,0,2,0,0,525
792,5,5,5,3,5-37,1731,B-C,U,163,182,8,1,0,5,359,539,1,0,1,0,0,539
6389,10,10,20,21,10-33,2312,B-C,U,106,184,14,5,2,7,318,501,1,0,2,0,0,501
1877,6,3,7,7,3-43,1369,B-C,U,129,152,13,3,0,5,302,529,1,0,1,0,0,529
5468,7,11,18,18,11-50,1934,B-C,R,91,42,1,1,0,0,135,245,0,0,1,0,1,245
4732,12,12,16,16,12-28,352,B-C,U,141,162,14,8,2,16,343,634,1,0,2,0,0,634
3045,7,7,10,10,7-39,2475,B-C,U,148,296,9,0,0,13,466,701,1,0,1,0,0,701
5441,7,11,18,18,11-44,1922,B-C,U,169,148,9,1,0,14,341,528,1,0,1,0,0,528
3875,13,11,18,13,11-60,32,B-C,R,109,251,3,0,0,10,373,546,1,0,1,0,1,546
6478,14,14,22,22,14-4,64,B-C,U,55,97,30,8,8,11,209,429,0,0,2,0,0,429
4536,12,13,15,15,13-11,488,B-C,U,172,86,12,2,1,19,292,557,1,0,2,0,0,557
2249,4,4,8,8,4-52,853,B-C,U,196,82,18,6,6,12,320,679,1,0,1,0,0,679
11,1,4,1,1,4-2,755,B-C,U,152,180,17,4,2,11,366,597,1,0,1,0,0,597
4675,12,12,16,16,12-39,336,B-C,U,166,212,30,9,5,15,437,727,0,1,2,0,0,727
6357,10,10,20,21,10-25,2291,B-C,R,49,163,6,15,3,10,246,448,0,0,2,0,1,448
5104,14,14,9,17,14-60,302,B-C,U,126,140,29,1,0,19,315,699,1,0,2,0,0,699
3622,15,9,12,12,9-63,1002,S,U,44,72,1,2,1,4,124,0,0,0,1,0,0,124
2177,11,6,6,7,6-3,1666,B-C,R,200,208,1,1,0,4,414,592,0,0,1,0,1,592
3747,9,9,11,12,9-6,1132,B-C,R,115,206,12,7,0,9,349,548,1,0,1,0,1,548
3351,15,9,11,11,9-25,1078,B-C,U,196,188,8,5,3,14,414,722,0,1,1,0,0,722
2615,2,2,9,9,2-15,175,S,M,37,53,10,1,2,4,107,0,1,0,2,0,0,107
6461,14,14,22,22,14-3,55,B-C,U,145,183,60,4,2,18,412,635,0,0,2,0,0,635
695,3,5,3,3,5-8,1686,B-C,U,149,142,5,2,2,8,308,468,0,0,1,0,0,468
2154,11,6,6,7,6-10,1652,B-C,R,283,109,6,2,1,19,420,689,1,0,1,0,1,689
4092,8,8,14,13,8-55,2259,B-C,R,42,165,18,5,3,17,250,457,0,0,2,0,1,457
1059,3,3,7,4,3-27,1320,B-C,U,155,130,5,1,1,7,299,519,1,0,1,0,0,519
6325,10,10,20,21,10-21,2276,B-C,U,104,186,34,6,1,19,350,636,1,0,2,0,0,636
4663,8,8,17,15,8-17,2930,B-C,U,120,200,8,2,5,13,348,576,1,0,2,0,0,576
5491,7,11,18,18,11-47,1950,B-C,R,74,128,7,1,0,12,222,392,0,0,1,0,1,392
2690,2,2,9,9,2-24,219,B-C,R,115,132,11,7,2,20,287,565,1,0,2,0,1,565
2197,4,4,8,8,4-42,826,B-C,U,138,97,17,5,4,8,269,475,0,0,1,0,0,475
5756,13,13,19,19,13-63,2833,S,U,83,174,29,11,3,5,305,0,1,0,2,0,0,305
5054,14,14,22,17,14-50,280,B-C,R,99,83,38,3,20,19,262,453,0,0,2,0,1,453
421,1,1,2,2,1-45,2547,B-C,U,214,154,17,6,11,15,417,637,0,0,2,0,0,637
509,1,1,2,2,1-53,2589,B-C,R,158,153,16,9,3,0,339,592,1,0,2,0,1,592
4780,12,12,16,16,12-20,400,B-C,U,187,209,12,4,0,14,426,521,1,0,2,0,0,521
3555,9,4,12,12,4-91,966,B-C,U,170,116,9,0,0,8,303,664,0,1,1,0,0,664
3737,9,4,11,12,4-101,1125,B-C,R,121,135,16,4,3,16,295,548,1,0,1,0,1,548
2076,11,6,21,7,6-34,1634,B-C,U,204,256,13,6,1,14,494,750,0,1,1,0,0,750
3267,15,9,12,11,9-61,994,B-C,U,163,128,12,6,3,10,322,580,1,0,1,0,0,580
5305,14,10,15,17,10-58,2770,B-C,U,145,233,16,10,4,10,418,713,0,0,2,0,0,713
3332,15,9,12,11,9-64,1066,B-C,U,146,127,12,1,5,7,298,493,0,0,1,0,0,493
1358,5,5,5,5,5-51,1491,B-C,U,173,166,5,6,1,11,362,633,1,0,1,0,0,633
1323,5,6,5,5,6-84,1467,B-C,U,123,124,1,1,0,6,255,386,0,0,1,0,0,386
622,3,5,3,3,5-4,1267,B-C,U,166,178,6,0,3,10,363,609,1,0,1,0,0,609
5242,2,2,17,17,2-67,642,B-C,R,82,123,17,9,0,23,254,453,0,0,2,0,1,453
2436,9,7,13,8,7-65,2666,B-C,U,161,142,12,1,3,11,330,515,1,0,1,0,0,515
3734,9,4,11,12,4-101,1121,B-C,R,169,219,10,3,2,15,418,680,1,0,1,0,1,680
606,1,1,2,2,1-9,2940,B-C,R,206,238,1,0,0,7,452,571,0,0,2,0,1,571
3660,15,9,12,12,9-68,1049,B-C,U,132,113,11,2,4,7,269,420,0,0,1,0,0,420
6580,14,14,22,22,14-22,115,B-C,R,36,100,86,3,2,22,249,506,1,0,2,0,1,506
4281,8,8,17,14,8-25,2614,B-C,U,154,243,16,4,2,10,429,636,1,0,2,0,0,636
2980,7,7,10,10,7-32,2447,B-C,U,148,274,8,0,0,13,443,656,1,0,1,0,0,656
311,1,2,2,2,2-98,747,B-C,R,181,185,21,1,22,19,429,595,1,0,2,0,1,595
674,3,5,3,3,5-8,1679,B-C,U,141,228,11,3,1,8,392,530,1,0,1,0,0,530
6315,10,10,20,21,10-19,2270,B-C,U,101,116,28,4,8,9,266,383,0,0,2,0,0,383
4265,8,8,17,14,8-35,2608,B-C,U,94,225,14,3,1,10,347,583,1,0,2,0,0,583
430,1,1,2,2,1-48,2550,B-C,U,203,134,24,6,5,17,389,649,1,0,2,0,0,649
5432,7,11,18,18,11-40,1917,B-C,U,192,213,6,4,0,13,428,640,1,0,1,0,0,640
4133,8,8,14,14,8-80,2123,B-C,U,155,158,15,12,3,6,349,451,0,0,2,0,0,451
6535,14,14,22,22,14-16,91,B-C,R,48,92,54,4,0,19,217,495,0,0,2,0,1,495
6149,10,10,20,20,10-86,2991,B-C,R,78,119,3,2,0,10,212,453,0,0,2,0,1,453
3694,15,9,12,12,9-82,1080,B-C,U,249,135,17,8,2,0,411,692,1,0,1,0,0,692
1940,6,3,4,7,3-54,1412,B-C,U,147,176,5,3,1,7,339,508,1,0,1,0,0,508
829,5,5,5,3,5-56,1747,B-C,U,159,180,6,3,1,8,357,603,1,0,1,0,0,603
1918,6,3,7,7,3-53,1396,B-C,U,191,174,2,3,0,7,377,647,1,0,1,0,0,647
3835,13,11,18,13,11-81,13,B-C,R,147,197,33,9,2,31,419,689,0,0,1,0,1,689
1208,6,3,4,4,3-75,1482,E,R,62,37,1,1,0,6,107,176,0,0,1,1,1,176
6411,10,10,20,21,10-36,2325,B-C,U,144,94,10,2,3,10,263,461,0,0,2,0,0,461
5423,7,11,18,18,11-43,1913,B-C,U,181,183,9,2,0,8,383,644,1,0,1,0,0,644
1067,6,3,4,4,3-28,1322,B-C,U,196,181,3,1,3,15,399,722,0,1,1,0,0,722
2725,1,4,1,9,4-7,760,B-C,U,198,188,23,2,8,17,436,717,1,0,1,0,0,717
603,1,1,2,2,1-10,2938,B-C,R,135,91,0,0,0,5,231,282,0,0,2,0,1,282
2160,11,6,6,7,6-6,1653,B-C,R,189,199,13,1,2,10,414,723,1,0,1,0,1,723
2133,11,6,6,7,6-20,1645,B-C,U,202,163,7,0,5,0,377,743,1,0,1,0,0,743
2210,4,4,8,8,4-46,832,B-C,U,198,122,37,9,4,21,391,699,1,0,1,0,0,699
5110,14,14,9,17,14-62,304,B-C,M,226,106,18,14,3,13,380,589,1,0,2,0,0,589
348,2,2,2,2,2-84,2514,B-C,U,191,163,77,14,4,6,455,663,1,0,2,0,0,663
308,1,2,2,2,2-94,745,B-C,R,160,256,18,6,16,25,481,660,0,0,2,0,1,660
4831,12,12,15,16,12-10,454,B-C,U,146,112,13,5,3,8,287,463,0,0,2,0,0,463
3114,7,7,10,10,7-57,2501,B-C,R,56,138,2,0,0,2,198,402,0,0,1,0,1,402
1692,11,6,6,6,6-60,1570,B-C,U,123,220,17,2,3,14,379,516,1,0,1,0,0,516
3705,15,9,12,12,9-81,1105,B-C,U,199,189,9,1,1,6,405,671,1,0,1,0,0,671
1253,6,3,4,4,3-77,1498,B-C,M,170,133,4,1,1,6,315,472,0,0,1,0,0,472
2356,4,4,8,8,4-80,899,B-C,M,191,141,21,7,1,14,375,619,1,0,1,0,0,619
679,3,5,3,3,5-10,1681,B-C,U,218,210,13,3,6,8,458,734,0,1,1,0,0,734
6064,10,10,20,20,10-76,2812,B-C,R,150,163,13,2,0,22,350,611,0,0,2,0,1,611
6289,10,13,19,21,13-40,710,B-C,R,90,159,4,5,0,13,271,519,1,0,2,0,1,519
3272,15,9,11,11,9-44,1008,B-C,U,133,168,10,4,1,10,326,518,1,0,1,0,0,518
5070,14,14,9,17,14-57,289,B-C,U,156,227,27,4,5,16,435,738,1,0,2,0,0,738
4503,12,13,15,15,13-7,475,B-C,U,159,161,14,8,7,13,362,656,1,0,2,0,0,656
828,5,5,5,3,5-56,1747,B-C,U,173,152,6,3,6,26,366,603,1,0,1,0,0,603
2817,1,4,8,9,4-39,817,B-C,R,76,104,8,3,0,11,202,466,0,0,1,0,1,466
6435,10,10,20,21,10-41,2336,B-C,R,138,189,27,7,3,13,377,685,0,0,2,0,1,685
6544,14,14,22,22,14-19,95,B-C,M,53,86,21,0,1,11,172,398,0,0,2,0,0,398
2588,2,2,9,9,2-12,165,B-C,U,171,136,18,3,8,22,358,611,1,0,2,0,0,611
2865,7,7,10,10,7-8,2044,B-C,M,105,231,7,2,0,10,355,643,1,0,1,0,0,643
3744,9,4,11,12,4-102,1129,B-C,U,87,208,0,21,0,4,320,612,1,0,1,0,0,612
1427,5,5,7,5,5-45,1793,B-C,U,148,119,8,5,3,8,291,501,1,0,1,0,0,501
3122,9,7,13,10,7-65,2665,B-C,U,131,118,11,3,3,0,266,544,1,0,1,0,0,544
1596,5,5,5,5,5-84,3020,B-C,U,154,157,5,6,2,5,329,559,1,0,1,0,0,559
5862,13,13,19,19,13-88,2873,B-C,U,21,78,111,92,5,25,332,516,1,0,2,0,0,516
457,1,1,2,2,1-51,2560,B-C,U,166,130,20,6,0,19,341,584,1,0,2,0,0,584
5312,14,10,15,17,10-60,2774,B-C,U,67,115,8,0,3,11,204,377,0,0,2,0,0,377
3058,7,7,10,10,7-44,2477,B-C,U,124,293,10,5,1,12,445,702,0,1,1,0,0,702
5637,13,11,18,19,11-53,916,B-C,U,153,183,50,9,3,0,398,649,1,0,1,0,0,649
5816,13,13,19,19,13-77,2856,B-C,R,42,174,129,1,1,27,374,638,1,0,2,0,1,638
2016,11,6,21,7,6-41,1582,B-C,U,126,151,13,3,0,4,297,403,0,0,1,0,0,403
2574,2,2,9,9,2-17,158,B-C,U,125,148,12,4,5,9,303,530,1,0,2,0,0,530
3049,7,7,10,10,7-39,2475,B-C,U,149,280,3,1,0,6,439,701,1,0,1,0,0,701
1132,3,3,7,4,3-36,1351,B-C,U,194,209,14,2,5,6,430,647,1,0,1,0,0,647
3948,8,8,14,13,8-71,2166,B-C,U,139,153,22,15,7,39,375,651,1,0,2,0,0,651
3337,15,9,12,11,9-65,1069,B-C,U,143,105,15,1,1,7,272,509,1,0,1,0,0,509
3888,13,11,18,13,11-66,38,B-C,R,126,325,12,1,3,17,484,704,1,0,1,0,1,704
3543,15,9,11,12,9-37,953,B-C,U,155,229,13,0,3,7,407,549,1,0,1,0,0,549
2954,13,7,13,10,7-23,2090,B-C,R,100,75,11,1,0,3,190,270,0,0,1,0,1,270
949,3,3,3,4,3-3,1280,B-C,U,271,143,7,6,1,4,432,715,1,0,1,0,0,715
6446,10,10,20,21,10-44,2342,B-C,R,34,120,15,5,0,14,188,486,0,0,2,0,1,486
2681,2,2,9,9,2-41,214,E,R,187,63,16,3,2,17,288,551,1,0,2,1,1,551
4688,12,12,16,16,12-31,338,B-C,U,141,205,28,10,8,13,405,616,1,0,2,0,0,616
388,2,2,2,2,2-73,2532,B-C,M,289,142,18,6,3,18,476,732,1,0,2,0,0,732
2134,11,6,6,7,6-20,1645,B-C,U,221,168,8,3,0,18,418,743,1,0,1,0,0,743
3702,15,9,12,12,9-83,1094,B-C,U,185,229,20,4,5,12,455,679,1,0,1,0,0,679
5634,7,11,18,18,11-26,2024,B-C,R,62,105,5,4,0,0,176,382,0,0,1,0,1,382
5638,13,11,18,19,11-53,916,B-C,U,149,221,28,22,7,11,438,649,1,0,1,0,0,649
4698,12,12,16,16,12-26,340,B-C,U,144,162,18,10,2,15,351,613,1,0,2,0,0,613
4799,12,12,16,16,12-19,423,B-C,U,85,119,11,3,3,7,228,377,0,0,2,0,0,377
4385,12,12,16,15,12-34,360,B-C,U,149,187,12,3,3,18,372,612,1,0,2,0,0,612
2757,1,4,8,9,4-6,770,B-C,U,185,224,12,4,5,12,442,688,1,0,1,0,0,688
120,4,1,1,1,1-60,2354,B-C,R,89,162,22,8,0,14,295,481,0,0,1,0,1,481
4251,8,8,14,14,8-50,2226,B-C,R,222,238,21,7,2,11,501,731,1,0,2,0,1,731
5144,14,14,9,17,14-70,322,B-C,M,130,124,22,14,4,0,294,518,1,0,2,0,0,518
6579,14,14,22,22,14-22,115,B-C,R,36,94,99,2,3,29,263,507,1,0,2,0,1,507
6620,14,14,22,22,14-35,138,B-C,U,43,130,65,0,1,22,261,619,1,0,2,0,0,619
2580,2,2,9,9,2-10,162,B-C,U,103,135,10,3,4,17,272,423,0,0,2,0,0,423
6573,14,14,22,22,14-24,111,B-C,R,51,115,42,3,0,0,211,401,0,0,2,0,1,401
6301,10,10,20,21,10-16,2263,B-C,U,162,244,30,6,13,26,481,694,1,0,2,0,0,694
5646,13,11,18,19,11-56,920,B-C,R,102,99,26,3,0,4,234,425,0,0,1,0,1,425
2702,2,2,9,9,2-22,227,B-C,R,177,125,11,7,2,32,354,674,1,0,2,0,1,674
4683,12,12,16,16,12-38,336,B-C,U,158,246,27,8,4,9,452,728,0,1,2,0,0,728
3404,15,9,12,11,9-53,1103,B-C,U,187,126,15,1,1,10,340,668,1,0,1,0,0,668
976,3,3,3,4,3-9,1287,B-C,U,163,195,9,4,5,9,385,591,1,0,1,0,0,591
5191,2,2,17,17,2-49,618,B-C,U,116,221,12,6,4,9,368,574,1,0,2,0,0,574
3505,15,9,11,11,9-15,1174,B-C,R,145,119,19,5,2,20,310,569,1,0,1,0,1,569
1119,6,3,4,4,3-29,1343,B-C,U,173,156,9,3,2,11,354,539,1,0,1,0,0,539
3457,9,9,11,11,9-9,1151,B-C,M,118,160,10,2,2,6,298,538,1,0,1,0,0,538
1994,6,6,7,7,6-56,1517,B-C,U,187,174,11,3,0,6,381,478,0,0,1,0,0,478
3513,9,9,11,12,9-24,930,B-C,U,176,140,8,3,2,13,342,692,1,0,1,0,0,692
6508,14,14,22,22,14-11,79,B-C,U,85,178,65,7,3,19,357,704,1,0,2,0,0,704
4127,8,8,14,14,8-65,2121,B-C,U,160,195,14,11,7,18,405,673,1,0,2,0,0,673
3782,15,9,12,12,9-20,1157,B-C,M,154,120,6,2,5,12,299,569,1,0,1,0,0,569
5830,13,13,19,19,13-77,2862,B-C,R,48,198,125,3,3,29,406,685,1,0,2,0,1,685
4784,12,12,16,16,12-18,402,B-C,U,165,200,27,5,1,12,410,667,1,0,2,0,0,667
4662,8,8,17,15,8-17,2930,B-C,U,120,224,6,1,3,10,364,576,1,0,2,0,0,576
4801,12,12,16,16,12-19,424,B-C,U,108,118,12,2,2,11,253,424,0,0,2,0,0,424
685,3,5,3,3,5-11,1681,B-C,U,203,234,12,3,5,11,468,734,0,1,1,0,0,734
4811,12,12,15,16,12-1,430,B-C,U,47,58,8,1,2,1,117,166,0,0,2,0,0,166
2831,7,7,10,10,7-2,2035,B-C,U,145,321,4,0,1,10,481,747,1,0,1,0,0,747
6551,14,14,22,22,14-25,99,B-C,R,36,74,34,3,1,16,164,550,1,0,2,0,1,550
5592,7,11,18,18,11-21,2002,B-C,R,182,106,6,4,0,7,305,541,1,0,1,0,1,541
2037,11,6,21,7,6-31,1620,B-C,U,155,174,11,3,2,25,370,684,0,1,1,0,0,684
269,4,1,1,1,1-78,2433,B-C,R,136,143,77,6,1,36,399,707,0,0,1,0,1,707
2929,13,7,13,10,7-22,2072,B-C,R,169,146,46,2,2,15,380,699,1,0,1,0,1,699
32,1,4,1,1,4-13,779,E,R,42,61,10,5,1,11,130,248,0,0,1,1,1,248
2985,7,7,10,10,7-32,2448,B-C,U,91,252,6,1,1,4,355,534,1,0,1,0,0,534
4563,2,12,16,15,12-64,514,B-C,M,185,185,20,3,0,11,404,688,1,0,2,0,0,688
4414,12,12,15,15,12-48,378,B-C,U,163,184,18,6,1,13,385,583,1,0,2,0,0,583
3801,15,9,12,12,9-81,1177,B-C,U,171,150,6,2,2,7,338,576,1,0,1,0,0,576
841,5,5,5,3,5-63,1752,B-C,U,172,213,5,5,3,11,409,643,1,0,1,0,0,643
4814,12,12,15,16,12-7,441,B-C,U,177,196,22,6,8,15,424,623,0,0,2,0,0,623
5582,7,11,18,18,11-6,1996,B-C,R,73,180,40,9,0,28,330,703,1,0,1,0,1,703
1770,11,6,6,6,6-49,1613,B-C,U,223,227,10,1,1,13,475,739,1,0,1,0,0,739
159,4,1,1,1,1-85,2377,B-C,U,144,209,17,5,2,25,402,749,1,0,1,0,0,749
3304,15,9,12,11,9-47,1038,B-C,U,193,203,24,6,2,7,435,697,1,0,1,0,0,697
3544,15,9,11,12,9-40,962,B-C,U,97,187,2,0,1,4,291,381,0,0,1,0,0,381
1216,6,3,4,4,3-74,1487,B-C,R,221,130,4,3,1,17,376,679,1,0,1,0,1,679
5304,14,10,15,17,10-58,2769,B-C,U,95,139,8,1,2,11,256,463,0,0,2,0,0,463
2933,13,7,13,10,7-20,2074,B-C,R,85,101,38,1,0,13,238,520,1,0,1,0,1,520
4343,8,8,17,14,8-22,2638,B-C,R,154,159,38,6,5,8,370,716,1,0,2,0,1,716
